season,game_id,game_date,game_number,day_of_week,weekend_flag,holiday_flag,rivalry_flag,division_matchup_flag,opponent,opponent_strength,home_team_win_rate,away_team_win_rate,home_team_recent_form,away_team_recent_form,playoff_implication_score,premium_game_flag,month,season_stage,email_campaign_active,promotion_flag,marketing_spend_index,star_player_available,injury_news_severity,weather_severity,temperature_score
2021,S2021_G001,2021-10-15,1,Friday,1,0,0,0,Cleveland Cavaliers,89.58,0.57,0.84,0.396,0.798,0.16,1,10,early,0,0,83.99,1,0.166,0.488,0.664
2021,S2021_G002,2021-10-17,2,Sunday,1,0,1,1,Boston Celtics,86.54,0.433,0.84,0.33,0.821,0.266,1,10,early,0,1,23.01,1,0.047,0.425,0.735
2021,S2021_G003,2021-10-18,3,Monday,0,0,0,0,New Orleans Pelicans,71.39,0.447,0.78,0.337,0.814,0.115,0,10,early,0,0,69.32,1,0.159,0.313,0.795
2021,S2021_G004,2021-10-22,4,Friday,1,0,0,0,Atlanta Hawks,51.57,0.555,0.598,0.607,0.697,0.099,0,10,early,0,0,84.75,1,0.011,0.205,0.902
2021,S2021_G005,2021-10-23,5,Saturday,1,0,0,1,Brooklyn Nets,66.8,0.478,0.593,0.661,0.604,0.274,0,10,early,1,0,96.79,1,0.162,0.2,0.877
2021,S2021_G006,2021-10-24,6,Sunday,1,0,1,1,New York Knicks,84.76,0.501,0.792,0.49,0.8,0.06,1,10,early,1,0,48.22,1,0.101,0.303,0.833
2021,S2021_G007,2021-10-27,7,Wednesday,0,0,1,0,Miami Heat,69.46,0.511,0.583,0.318,0.586,0.264,1,10,early,0,0,38.06,1,0.062,0.372,0.817
2021,S2021_G008,2021-10-28,8,Thursday,0,0,0,0,Oklahoma City Thunder,87.92,0.614,0.84,0.53,0.826,0.142,0,10,early,1,0,69.14,1,0.088,0.301,0.779
2021,S2021_G009,2021-10-30,9,Saturday,1,0,0,0,Houston Rockets,65.85,0.54,0.544,0.573,0.441,0.071,0,10,early,0,0,57.6,1,0.368,0.096,0.887
2021,S2021_G010,2021-11-01,10,Monday,0,0,0,1,Toronto Raptors,64.5,0.55,0.651,0.519,0.565,0.149,0,11,early,1,1,106.34,1,0.105,0.231,0.758
2021,S2021_G011,2021-11-02,11,Tuesday,0,0,0,0,Washington Wizards,46.1,0.479,0.452,0.444,0.369,0.122,0,11,early,0,0,105.59,1,0.262,0.233,0.86
2021,S2021_G012,2021-11-03,12,Wednesday,0,0,0,0,Denver Nuggets,85.04,0.541,0.816,0.554,0.818,0.145,0,11,early,0,0,83.37,1,0.055,0.244,0.928
2021,S2021_G013,2021-11-05,13,Friday,1,0,0,1,Boston Celtics,94.52,0.452,0.84,0.591,0.856,0.087,1,11,early,0,0,64.57,1,0.173,0.161,0.826
2021,S2021_G014,2021-11-06,14,Saturday,1,0,0,0,Washington Wizards,55.23,0.447,0.508,0.484,0.372,0.037,0,11,early,0,0,97.98,1,0.04,0.225,0.849
2021,S2021_G015,2021-11-07,15,Sunday,1,0,0,0,Dallas Mavericks,80.81,0.466,0.756,0.549,0.753,0.116,0,11,early,0,0,62.42,1,0.159,0.215,0.948
2021,S2021_G016,2021-11-08,16,Monday,0,0,0,0,LA Clippers,88.34,0.489,0.84,0.473,0.745,0.158,1,11,early,1,0,29.65,1,0.069,0.425,0.811
2021,S2021_G017,2021-11-14,17,Sunday,1,0,1,1,Boston Celtics,90.9,0.503,0.84,0.592,0.865,0.283,1,11,early,0,0,59.94,1,0.057,0.217,0.866
2021,S2021_G018,2021-11-15,18,Monday,0,0,0,0,LA Clippers,73.89,0.493,0.681,0.51,0.591,0.054,0,11,early,0,0,64.18,1,0.177,0.263,0.774
2021,S2021_G019,2021-11-20,19,Saturday,1,0,0,0,San Antonio Spurs,63.4,0.575,0.662,0.462,0.795,0.159,0,11,early,0,1,81.33,1,0.103,0.247,0.826
2021,S2021_G020,2021-11-22,20,Monday,0,0,0,0,San Antonio Spurs,58.49,0.547,0.745,0.539,0.755,0.174,0,11,early,0,0,74.63,1,0.05,0.067,0.96
2021,S2021_G021,2021-11-24,21,Wednesday,0,1,0,1,New York Knicks,67.1,0.421,0.584,0.372,0.352,0.139,1,11,mid,0,0,56.71,1,0.093,0.309,0.864
2021,S2021_G022,2021-11-25,22,Thursday,0,0,0,0,Atlanta Hawks,43.27,0.5,0.516,0.418,0.499,0.037,0,11,mid,0,0,78.23,1,0.547,0.223,0.791
2021,S2021_G023,2021-11-26,23,Friday,1,0,1,1,Boston Celtics,84.14,0.494,0.785,0.454,0.9,0.176,1,11,mid,1,0,69.62,1,0.112,0.252,0.944
2021,S2021_G024,2021-11-27,24,Saturday,1,0,0,0,Golden State Warriors,95.64,0.413,0.84,0.446,0.691,0.293,1,11,mid,0,0,68.37,1,0.231,0.116,0.844
2021,S2021_G025,2021-11-28,25,Sunday,1,0,0,0,New Orleans Pelicans,59.84,0.465,0.594,0.479,0.526,0.0,0,11,mid,0,0,91.26,1,0.137,0.251,0.887
2021,S2021_G026,2021-11-30,26,Tuesday,0,0,0,0,New Orleans Pelicans,57.07,0.462,0.577,0.452,0.469,0.058,0,11,mid,0,0,74.65,0,0.242,0.447,0.778
2021,S2021_G027,2021-12-01,27,Wednesday,0,0,0,0,Washington Wizards,42.43,0.466,0.283,0.479,0.281,0.134,0,12,mid,0,0,68.61,1,0.015,0.153,0.925
2021,S2021_G028,2021-12-05,28,Sunday,1,0,0,0,Minnesota Timberwolves,85.58,0.575,0.84,0.628,0.752,0.1,1,12,mid,0,0,57.13,1,0.09,0.284,0.928
2021,S2021_G029,2021-12-07,29,Tuesday,0,0,0,0,Miami Heat,80.47,0.492,0.823,0.433,0.66,0.252,0,12,mid,1,1,78.9,0,0.439,0.33,0.82
2021,S2021_G030,2021-12-11,30,Saturday,1,0,1,1,New York Knicks,85.21,0.558,0.768,0.539,0.758,0.203,1,12,mid,0,0,57.63,1,0.067,0.354,0.861
2021,S2021_G031,2021-12-12,31,Sunday,1,0,0,0,LA Clippers,96.65,0.469,0.84,0.48,0.791,0.185,1,12,mid,0,0,31.69,1,0.062,0.408,0.707
2021,S2021_G032,2021-12-14,32,Tuesday,0,0,0,0,New Orleans Pelicans,72.6,0.519,0.775,0.516,0.83,0.217,0,12,mid,0,0,97.92,1,0.563,0.531,0.727
2021,S2021_G033,2021-12-16,33,Thursday,0,0,0,0,Los Angeles Lakers,95.92,0.472,0.84,0.472,0.725,0.144,1,12,mid,1,1,62.06,0,0.122,0.285,0.831
2021,S2021_G034,2021-12-26,34,Sunday,1,0,1,0,Los Angeles Lakers,81.69,0.511,0.817,0.491,0.791,0.142,1,12,mid,0,0,60.42,0,0.216,0.502,0.869
2021,S2021_G035,2021-12-27,35,Monday,0,0,0,0,Milwaukee Bucks,79.09,0.471,0.84,0.421,0.9,0.191,0,12,mid,0,0,103.48,1,0.399,0.282,0.807
2021,S2021_G036,2021-12-28,36,Tuesday,0,0,1,1,Boston Celtics,98.0,0.49,0.84,0.2,0.9,0.285,1,12,mid,0,0,58.76,1,0.247,0.317,0.928
2021,S2021_G037,2021-12-29,37,Wednesday,0,0,1,1,Boston Celtics,98.0,0.53,0.84,0.356,0.9,0.185,1,12,mid,0,0,49.78,1,0.107,0.376,0.742
2021,S2021_G038,2022-01-01,38,Saturday,1,1,0,0,Detroit Pistons,52.48,0.539,0.53,0.642,0.589,0.131,1,1,mid,0,0,51.15,0,0.354,0.721,0.543
2021,S2021_G039,2022-01-02,39,Sunday,1,0,1,0,Los Angeles Lakers,81.84,0.41,0.84,0.524,0.9,0.178,1,1,mid,0,0,40.07,1,0.236,0.461,0.765
2021,S2021_G040,2022-01-03,40,Monday,0,0,0,0,LA Clippers,75.59,0.64,0.84,0.544,0.741,0.172,0,1,mid,0,0,80.1,1,0.397,0.548,0.715
2021,S2021_G041,2022-01-04,41,Tuesday,0,0,0,0,Indiana Pacers,69.04,0.439,0.679,0.326,0.763,0.093,0,1,mid,0,0,88.65,1,0.217,0.258,0.928
2021,S2021_G042,2022-01-06,42,Thursday,0,0,1,1,New York Knicks,85.56,0.482,0.817,0.495,0.695,0.158,1,1,mid,0,0,63.42,1,0.295,0.51,0.771
2021,S2021_G043,2022-01-10,43,Monday,0,0,1,1,Philadelphia 76ers,72.79,0.502,0.638,0.496,0.679,0.102,1,1,mid,0,0,72.48,1,0.104,0.306,0.87
2021,S2021_G044,2022-01-11,44,Tuesday,0,0,0,1,Philadelphia 76ers,78.76,0.538,0.82,0.424,0.787,0.0,0,1,mid,1,1,62.19,1,0.119,0.488,0.757
2021,S2021_G045,2022-01-12,45,Wednesday,0,0,0,0,Cleveland Cavaliers,79.94,0.46,0.775,0.473,0.845,0.188,0,1,mid,0,1,91.3,1,0.102,0.415,0.798
2021,S2021_G046,2022-01-13,46,Thursday,0,0,0,0,LA Clippers,77.93,0.568,0.739,0.522,0.759,0.224,0,1,mid,0,0,61.09,1,0.103,0.469,0.801
2021,S2021_G047,2022-01-15,47,Saturday,1,0,0,0,Indiana Pacers,72.82,0.517,0.84,0.481,0.755,0.093,0,1,mid,0,0,88.68,1,0.149,0.382,0.806
2021,S2021_G048,2022-01-20,48,Thursday,0,0,0,0,LA Clippers,74.74,0.557,0.75,0.503,0.562,0.174,0,1,mid,1,1,60.47,1,0.051,0.427,0.769
2021,S2021_G049,2022-01-25,49,Tuesday,0,0,1,1,Philadelphia 76ers,80.15,0.56,0.749,0.523,0.816,0.131,1,1,mid,0,0,80.47,1,0.264,0.284,0.868
2021,S2021_G050,2022-01-27,50,Thursday,0,0,0,0,Houston Rockets,54.59,0.55,0.422,0.55,0.289,0.041,0,1,mid,0,0,65.4,1,0.288,0.561,0.747
2021,S2021_G051,2022-01-30,51,Sunday,1,0,0,0,San Antonio Spurs,65.83,0.488,0.703,0.445,0.547,0.241,0,1,mid,0,0,76.94,1,0.256,0.431,0.773
2021,S2021_G052,2022-01-31,52,Monday,0,0,0,0,LA Clippers,83.19,0.48,0.732,0.591,0.675,0.146,0,1,mid,0,0,98.17,1,0.231,0.198,0.932
2021,S2021_G053,2022-02-02,53,Wednesday,0,0,0,0,Washington Wizards,44.0,0.515,0.464,0.487,0.431,0.205,0,2,mid,1,0,77.92,1,0.073,0.26,0.883
2021,S2021_G054,2022-02-03,54,Thursday,0,0,0,1,Toronto Raptors,55.85,0.523,0.573,0.403,0.504,0.101,0,2,mid,0,0,99.69,1,0.174,0.238,0.786
2021,S2021_G055,2022-02-06,55,Sunday,1,0,0,0,Chicago Bulls,66.29,0.442,0.627,0.535,0.556,0.117,0,2,mid,1,1,71.52,1,0.196,0.587,0.779
2021,S2021_G056,2022-02-09,56,Wednesday,0,0,0,0,Memphis Grizzlies,75.34,0.62,0.767,0.624,0.735,0.576,1,2,late,0,0,70.1,1,0.183,0.391,0.818
2021,S2021_G057,2022-02-11,57,Friday,1,0,0,0,Golden State Warriors,95.81,0.383,0.84,0.365,0.797,0.378,1,2,late,1,0,56.65,1,0.321,0.432,0.909
2021,S2021_G058,2022-02-14,58,Monday,0,1,0,0,Sacramento Kings,66.3,0.497,0.664,0.469,0.615,0.262,1,2,late,0,0,50.04,1,0.251,0.119,1.0
2021,S2021_G059,2022-02-18,59,Friday,1,0,0,0,Los Angeles Lakers,86.91,0.526,0.84,0.649,0.749,0.34,1,2,late,0,0,60.82,0,0.159,0.266,0.862
2021,S2021_G060,2022-02-20,60,Sunday,1,0,0,0,Detroit Pistons,48.96,0.513,0.587,0.493,0.711,0.352,0,2,late,0,0,79.75,1,0.289,0.355,0.685
2021,S2021_G061,2022-02-21,61,Monday,0,0,1,0,Miami Heat,70.6,0.526,0.616,0.411,0.516,0.183,1,2,late,0,0,75.32,1,0.144,0.51,0.711
2021,S2021_G062,2022-02-22,62,Tuesday,0,0,0,0,Detroit Pistons,41.74,0.501,0.375,0.428,0.434,0.186,0,2,late,0,0,88.48,1,0.064,0.338,0.715
2021,S2021_G063,2022-02-24,63,Thursday,0,0,0,0,Houston Rockets,64.16,0.563,0.655,0.694,0.675,0.434,0,2,late,0,0,79.05,1,0.317,0.265,0.829
2021,S2021_G064,2022-02-25,64,Friday,1,0,0,0,Indiana Pacers,72.64,0.61,0.734,0.491,0.695,0.241,0,2,late,0,0,68.46,1,0.165,0.334,0.778
2021,S2021_G065,2022-02-28,65,Monday,0,0,0,0,Cleveland Cavaliers,76.97,0.536,0.779,0.547,0.665,0.409,0,2,late,0,0,63.02,0,0.055,0.331,0.812
2021,S2021_G066,2022-03-04,66,Friday,1,0,0,1,Brooklyn Nets,59.68,0.565,0.657,0.578,0.662,0.394,0,3,late,0,0,55.06,1,0.111,0.264,0.872
2021,S2021_G067,2022-03-05,67,Saturday,1,0,1,1,New York Knicks,70.55,0.468,0.761,0.46,0.869,0.295,1,3,late,0,0,74.66,1,0.292,0.333,0.779
2021,S2021_G068,2022-03-14,68,Monday,0,0,0,0,San Antonio Spurs,55.76,0.473,0.549,0.376,0.594,0.335,0,3,late,0,0,76.95,1,0.203,0.519,0.636
2021,S2021_G069,2022-03-15,69,Tuesday,0,0,0,0,Houston Rockets,57.6,0.344,0.509,0.433,0.546,0.246,0,3,late,1,1,74.03,1,0.091,0.559,0.608
2021,S2021_G070,2022-03-17,70,Thursday,0,0,1,1,Boston Celtics,91.29,0.464,0.84,0.366,0.9,0.302,1,3,late,0,0,63.39,0,0.289,0.289,1.0
2021,S2021_G071,2022-03-22,71,Tuesday,0,0,0,0,Orlando Magic,58.15,0.508,0.554,0.577,0.747,0.425,0,3,late,0,0,76.99,1,0.034,0.534,0.799
2021,S2021_G072,2022-03-23,72,Wednesday,0,0,0,0,Cleveland Cavaliers,87.44,0.361,0.84,0.363,0.9,0.263,0,3,late,1,0,62.76,1,0.173,0.461,0.809
2021,S2021_G073,2022-03-24,73,Thursday,0,0,0,0,LA Clippers,87.51,0.408,0.84,0.281,0.71,0.333,0,3,late,0,1,55.38,1,0.213,0.014,0.994
2021,S2021_G074,2022-03-25,74,Friday,1,0,0,0,Utah Jazz,67.33,0.496,0.84,0.687,0.816,0.362,0,3,playoff_push,0,0,51.59,1,0.292,0.167,0.967
2021,S2021_G075,2022-03-27,75,Sunday,1,0,0,0,Portland Trail Blazers,45.05,0.475,0.508,0.429,0.486,0.334,0,3,playoff_push,0,1,75.62,0,0.175,0.386,0.87
2021,S2021_G076,2022-03-28,76,Monday,0,0,0,0,Golden State Warriors,94.15,0.473,0.84,0.39,0.867,0.505,1,3,playoff_push,0,0,47.73,1,0.557,0.084,0.955
2021,S2021_G077,2022-03-30,77,Wednesday,0,0,0,1,Toronto Raptors,57.62,0.546,0.511,0.567,0.487,0.407,0,3,playoff_push,0,0,60.8,0,0.241,0.426,0.854
2021,S2021_G078,2022-04-01,78,Friday,1,0,0,1,Toronto Raptors,61.14,0.502,0.608,0.573,0.779,0.242,0,4,playoff_push,0,0,90.31,1,0.109,0.504,0.659
2021,S2021_G079,2022-04-04,79,Monday,0,0,0,0,Minnesota Timberwolves,77.54,0.502,0.84,0.36,0.765,0.338,0,4,playoff_push,0,0,94.39,1,0.393,0.21,0.743
2021,S2021_G080,2022-04-05,80,Tuesday,0,0,0,0,Sacramento Kings,68.2,0.509,0.672,0.463,0.674,0.263,0,4,playoff_push,0,0,103.02,1,0.203,0.099,1.0
2021,S2021_G081,2022-04-07,81,Thursday,0,0,0,0,Golden State Warriors,77.51,0.441,0.753,0.452,0.9,0.348,0,4,playoff_push,1,0,89.86,1,0.197,0.22,0.879
2021,S2021_G082,2022-04-08,82,Friday,1,0,0,0,Dallas Mavericks,82.92,0.415,0.827,0.561,0.754,0.359,1,4,playoff_push,0,0,51.14,1,0.331,0.67,0.599
2022,S2022_G001,2022-10-16,1,Sunday,1,0,0,0,Orlando Magic,64.73,0.655,0.618,0.677,0.497,0.215,0,10,early,1,0,62.74,1,0.078,0.408,0.713
2022,S2022_G002,2022-10-17,2,Monday,0,0,1,1,Boston Celtics,80.96,0.561,0.84,0.622,0.756,0.267,1,10,early,0,0,51.48,0,0.027,0.187,0.817
2022,S2022_G003,2022-10-18,3,Tuesday,0,0,1,1,Boston Celtics,86.54,0.608,0.816,0.612,0.753,0.069,1,10,early,0,1,60.83,0,0.11,0.177,0.887
2022,S2022_G004,2022-10-22,4,Saturday,1,0,0,1,Toronto Raptors,62.25,0.639,0.572,0.678,0.523,0.113,0,10,early,0,0,70.55,1,0.24,0.399,0.783
2022,S2022_G005,2022-10-23,5,Sunday,1,0,0,0,San Antonio Spurs,51.16,0.587,0.48,0.54,0.537,0.0,0,10,early,0,0,79.07,1,0.043,0.676,0.636
2022,S2022_G006,2022-10-26,6,Wednesday,0,0,0,0,Dallas Mavericks,92.58,0.65,0.84,0.697,0.9,0.0,1,10,early,1,0,69.96,1,0.139,0.166,0.921
2022,S2022_G007,2022-10-27,7,Thursday,0,0,0,0,Oklahoma City Thunder,92.04,0.673,0.84,0.792,0.879,0.185,1,10,early,0,0,63.84,1,0.142,0.434,0.727
2022,S2022_G008,2022-10-29,8,Saturday,1,0,0,0,Cleveland Cavaliers,80.53,0.621,0.707,0.532,0.825,0.224,0,10,early,0,1,97.92,1,0.093,0.416,0.748
2022,S2022_G009,2022-11-01,9,Tuesday,0,0,0,1,Brooklyn Nets,76.42,0.619,0.766,0.772,0.658,0.227,0,11,early,1,0,51.4,1,0.136,0.217,0.831
2022,S2022_G010,2022-11-02,10,Wednesday,0,0,0,1,Brooklyn Nets,66.7,0.553,0.683,0.707,0.609,0.062,0,11,early,0,0,90.83,0,0.624,0.662,0.666
2022,S2022_G011,2022-11-04,11,Friday,1,0,0,0,Miami Heat,89.92,0.539,0.84,0.467,0.848,0.178,1,11,early,0,0,68.53,1,0.128,0.279,0.727
2022,S2022_G012,2022-11-05,12,Saturday,1,0,0,0,LA Clippers,83.89,0.557,0.84,0.562,0.9,0.23,1,11,early,0,0,73.83,1,0.075,0.301,0.916
2022,S2022_G013,2022-11-06,13,Sunday,1,0,0,0,Atlanta Hawks,67.96,0.666,0.613,0.65,0.687,0.243,0,11,early,1,0,86.7,1,0.134,0.253,0.758
2022,S2022_G014,2022-11-09,14,Wednesday,0,0,0,0,Washington Wizards,43.54,0.564,0.297,0.824,0.427,0.073,0,11,early,0,1,64.95,1,0.361,0.18,0.764
2022,S2022_G015,2022-11-10,15,Thursday,0,0,0,0,Dallas Mavericks,94.05,0.606,0.84,0.732,0.9,0.106,1,11,early,0,0,71.48,1,0.137,0.176,1.0
2022,S2022_G016,2022-11-12,16,Saturday,1,0,0,0,Chicago Bulls,70.35,0.544,0.567,0.679,0.603,0.163,0,11,early,1,0,67.77,1,0.132,0.485,0.62
2022,S2022_G017,2022-11-14,17,Monday,0,0,0,0,Golden State Warriors,95.61,0.62,0.84,0.754,0.9,0.192,1,11,early,0,0,93.13,1,0.285,0.252,0.916
2022,S2022_G018,2022-11-15,18,Tuesday,0,0,0,0,Cleveland Cavaliers,87.78,0.578,0.84,0.698,0.785,0.159,0,11,early,0,0,87.3,1,0.463,0.469,0.925
2022,S2022_G019,2022-11-17,19,Thursday,0,0,0,0,Utah Jazz,57.21,0.511,0.596,0.613,0.554,0.301,0,11,early,0,0,77.72,1,0.213,0.163,0.849
2022,S2022_G020,2022-11-19,20,Saturday,1,0,0,0,Dallas Mavericks,85.37,0.556,0.84,0.408,0.74,0.254,1,11,early,0,0,96.32,0,0.111,0.291,0.738
2022,S2022_G021,2022-11-20,21,Sunday,1,0,0,0,Chicago Bulls,60.9,0.48,0.577,0.736,0.651,0.161,0,11,mid,0,0,78.86,1,0.046,0.268,1.0
2022,S2022_G022,2022-11-21,22,Monday,0,0,0,0,Utah Jazz,51.19,0.681,0.512,0.753,0.601,0.065,0,11,mid,1,1,93.49,1,0.236,0.241,0.841
2022,S2022_G023,2022-11-24,23,Thursday,0,1,0,0,Phoenix Suns,71.82,0.665,0.651,0.641,0.698,0.131,1,11,mid,0,0,55.33,1,0.145,0.013,1.0
2022,S2022_G024,2022-11-25,24,Friday,1,0,0,0,Orlando Magic,49.6,0.628,0.507,0.546,0.544,0.004,0,11,mid,0,0,59.1,0,0.401,0.182,0.978
2022,S2022_G025,2022-11-27,25,Sunday,1,0,0,0,Sacramento Kings,70.49,0.604,0.765,0.523,0.812,0.304,0,11,mid,0,0,89.5,1,0.095,0.239,0.86
2022,S2022_G026,2022-11-28,26,Monday,0,0,0,0,Miami Heat,78.11,0.709,0.782,0.55,0.9,0.219,0,11,mid,0,0,93.31,1,0.095,0.443,0.729
2022,S2022_G027,2022-12-02,27,Friday,1,0,0,0,Portland Trail Blazers,57.99,0.584,0.544,0.694,0.693,0.105,0,12,mid,0,0,83.4,1,0.07,0.281,0.747
2022,S2022_G028,2022-12-05,28,Monday,0,0,0,1,Brooklyn Nets,74.13,0.613,0.804,0.67,0.784,0.156,0,12,mid,1,0,67.73,1,0.112,0.331,0.67
2022,S2022_G029,2022-12-06,29,Tuesday,0,0,0,0,New Orleans Pelicans,72.47,0.58,0.651,0.691,0.653,0.13,0,12,mid,0,0,89.53,1,0.048,0.628,0.611
2022,S2022_G030,2022-12-09,30,Friday,1,0,1,1,New York Knicks,93.05,0.636,0.84,0.591,0.9,0.117,1,12,mid,0,0,53.35,1,0.374,0.331,1.0
2022,S2022_G031,2022-12-11,31,Sunday,1,0,0,0,New Orleans Pelicans,60.51,0.537,0.633,0.47,0.657,0.079,0,12,mid,0,0,82.93,1,0.332,0.306,0.839
2022,S2022_G032,2022-12-12,32,Monday,0,0,0,0,LA Clippers,87.44,0.68,0.798,0.612,0.734,0.206,0,12,mid,0,0,38.47,1,0.11,0.305,0.814
2022,S2022_G033,2022-12-13,33,Tuesday,0,0,0,0,Portland Trail Blazers,59.6,0.547,0.604,0.537,0.61,0.152,0,12,mid,0,0,55.3,1,0.135,0.345,0.794
2022,S2022_G034,2022-12-20,34,Tuesday,0,0,0,0,Chicago Bulls,77.84,0.508,0.83,0.606,0.657,0.0,0,12,mid,0,0,76.22,0,0.466,0.278,0.863
2022,S2022_G035,2022-12-21,35,Wednesday,0,0,1,1,Philadelphia 76ers,77.58,0.619,0.84,0.516,0.9,0.357,1,12,mid,1,0,47.69,1,0.218,0.484,0.718
2022,S2022_G036,2022-12-22,36,Thursday,0,0,0,0,Detroit Pistons,47.19,0.507,0.393,0.454,0.388,0.1,0,12,mid,1,0,89.4,1,0.127,0.317,0.772
2022,S2022_G037,2022-12-23,37,Friday,1,0,0,0,Cleveland Cavaliers,81.74,0.472,0.809,0.541,0.722,0.395,0,12,mid,0,0,36.96,1,0.049,0.445,0.768
2022,S2022_G038,2022-12-25,38,Sunday,1,1,0,0,Sacramento Kings,65.17,0.62,0.632,0.524,0.618,0.129,1,12,mid,0,0,84.3,1,0.036,0.517,0.695
2022,S2022_G039,2022-12-26,39,Monday,0,0,1,1,Philadelphia 76ers,73.01,0.651,0.824,0.633,0.9,0.19,1,12,mid,1,0,56.39,1,0.108,0.775,0.533
2022,S2022_G040,2022-12-27,40,Tuesday,0,0,0,0,Denver Nuggets,89.35,0.674,0.753,0.612,0.9,0.175,1,12,mid,0,0,66.24,1,0.134,0.25,0.812
2022,S2022_G041,2022-12-29,41,Thursday,0,0,0,0,Minnesota Timberwolves,79.69,0.536,0.789,0.626,0.876,0.254,0,12,mid,0,0,82.5,1,0.242,0.386,0.807
2022,S2022_G042,2022-12-31,42,Saturday,1,1,0,0,Milwaukee Bucks,88.93,0.658,0.84,0.579,0.9,0.238,1,12,mid,1,0,87.86,1,0.071,0.437,0.784
2022,S2022_G043,2023-01-01,43,Sunday,1,1,1,1,Philadelphia 76ers,98.0,0.588,0.84,0.49,0.824,0.229,1,1,mid,0,0,77.57,1,0.171,0.057,0.855
2022,S2022_G044,2023-01-03,44,Tuesday,0,0,0,0,Detroit Pistons,42.92,0.628,0.499,0.9,0.621,0.116,0,1,mid,0,0,61.05,1,0.522,0.329,0.831
2022,S2022_G045,2023-01-07,45,Saturday,1,0,0,0,Cleveland Cavaliers,93.52,0.482,0.817,0.603,0.9,0.236,1,1,mid,0,1,70.09,0,0.493,0.35,0.751
2022,S2022_G046,2023-01-09,46,Monday,0,0,0,0,Portland Trail Blazers,55.22,0.611,0.678,0.744,0.677,0.165,0,1,mid,0,0,52.4,1,0.096,0.085,0.985
2022,S2022_G047,2023-01-10,47,Tuesday,0,0,1,0,Los Angeles Lakers,87.92,0.654,0.84,0.623,0.812,0.221,1,1,mid,1,0,75.27,1,0.088,0.568,0.761
2022,S2022_G048,2023-01-13,48,Friday,1,0,0,0,Denver Nuggets,88.71,0.742,0.84,0.757,0.795,0.242,1,1,mid,0,0,46.89,1,0.078,0.467,0.73
2022,S2022_G049,2023-01-14,49,Saturday,1,0,0,0,New Orleans Pelicans,65.1,0.681,0.66,0.763,0.695,0.163,0,1,mid,1,0,106.63,1,0.232,0.298,0.968
2022,S2022_G050,2023-01-15,50,Sunday,1,0,0,0,Oklahoma City Thunder,96.53,0.509,0.84,0.496,0.759,0.288,1,1,mid,0,0,44.78,0,0.33,0.265,0.821
2022,S2022_G051,2023-01-16,51,Monday,0,0,0,1,Brooklyn Nets,59.83,0.574,0.519,0.773,0.514,0.016,0,1,mid,1,0,51.02,1,0.208,0.394,0.714
2022,S2022_G052,2023-01-24,52,Tuesday,0,0,0,0,Portland Trail Blazers,43.58,0.584,0.402,0.714,0.457,0.184,0,1,mid,1,1,118.81,1,0.206,0.567,0.759
2022,S2022_G053,2023-01-25,53,Wednesday,0,0,0,1,Toronto Raptors,52.7,0.595,0.484,0.62,0.523,0.123,0,1,mid,1,0,65.8,0,0.047,0.296,0.901
2022,S2022_G054,2023-01-26,54,Thursday,0,0,0,0,Cleveland Cavaliers,74.95,0.638,0.656,0.634,0.733,0.107,0,1,mid,0,0,77.64,0,0.298,0.387,0.823
2022,S2022_G055,2023-01-27,55,Friday,1,0,0,0,Utah Jazz,57.6,0.502,0.531,0.43,0.702,0.209,0,1,mid,0,0,52.91,1,0.112,0.249,0.937
2022,S2022_G056,2023-01-30,56,Monday,0,0,0,0,San Antonio Spurs,61.72,0.763,0.497,0.889,0.462,0.408,0,1,late,1,0,61.31,1,0.171,0.166,0.826
2022,S2022_G057,2023-01-31,57,Tuesday,0,0,0,0,Golden State Warriors,98.0,0.645,0.84,0.557,0.818,0.518,1,1,late,1,0,55.25,1,0.263,0.508,0.695
2022,S2022_G058,2023-02-04,58,Saturday,1,0,0,0,Indiana Pacers,84.16,0.598,0.84,0.654,0.838,0.456,1,2,late,0,0,62.58,1,0.035,0.265,0.955
2022,S2022_G059,2023-02-05,59,Sunday,1,0,0,0,Sacramento Kings,80.26,0.538,0.836,0.511,0.724,0.287,0,2,late,0,0,67.71,1,0.115,0.389,0.804
2022,S2022_G060,2023-02-06,60,Monday,0,0,0,0,Utah Jazz,57.98,0.482,0.627,0.384,0.498,0.292,0,2,late,0,0,81.38,1,0.228,0.592,0.618
2022,S2022_G061,2023-02-08,61,Wednesday,0,0,0,0,Washington Wizards,44.25,0.577,0.51,0.438,0.462,0.243,0,2,late,1,0,103.03,1,0.172,0.433,0.643
2022,S2022_G062,2023-02-09,62,Thursday,0,0,0,0,Portland Trail Blazers,42.96,0.611,0.397,0.561,0.48,0.309,0,2,late,0,0,85.18,1,0.235,0.307,0.807
2022,S2022_G063,2023-02-11,63,Saturday,1,0,0,0,Phoenix Suns,87.64,0.616,0.824,0.585,0.9,0.453,1,2,late,0,0,81.09,1,0.094,0.218,0.716
2022,S2022_G064,2023-02-19,64,Sunday,1,0,0,0,Detroit Pistons,46.06,0.565,0.416,0.656,0.356,0.37,0,2,late,0,0,53.12,0,0.207,0.521,0.841
2022,S2022_G065,2023-02-21,65,Tuesday,0,0,0,1,Toronto Raptors,65.6,0.596,0.624,0.563,0.751,0.177,0,2,late,0,0,102.1,1,0.048,0.331,0.86
2022,S2022_G066,2023-02-23,66,Thursday,0,0,0,0,Golden State Warriors,94.7,0.531,0.84,0.441,0.899,0.317,1,2,late,0,0,50.9,1,0.257,0.281,0.876
2022,S2022_G067,2023-02-25,67,Saturday,1,0,0,0,Denver Nuggets,86.41,0.631,0.812,0.827,0.738,0.401,1,2,late,0,0,49.67,1,0.328,0.223,0.854
2022,S2022_G068,2023-02-28,68,Tuesday,0,0,0,0,Portland Trail Blazers,57.15,0.611,0.525,0.607,0.644,0.357,0,2,late,0,1,60.67,0,0.342,0.357,0.742
2022,S2022_G069,2023-03-03,69,Friday,1,0,0,0,Dallas Mavericks,82.26,0.477,0.786,0.492,0.883,0.209,1,3,late,1,0,63.65,1,0.106,0.134,1.0
2022,S2022_G070,2023-03-07,70,Tuesday,0,0,0,0,Detroit Pistons,43.15,0.524,0.515,0.54,0.424,0.394,0,3,late,0,1,103.1,1,0.388,0.447,0.719
2022,S2022_G071,2023-03-10,71,Friday,1,0,0,1,Toronto Raptors,74.5,0.663,0.704,0.511,0.873,0.391,0,3,late,0,0,72.6,1,0.172,0.137,0.937
2022,S2022_G072,2023-03-12,72,Sunday,1,0,0,0,Milwaukee Bucks,79.27,0.574,0.84,0.62,0.81,0.252,0,3,late,0,0,53.64,1,0.064,0.014,0.853
2022,S2022_G073,2023-03-19,73,Sunday,1,0,0,0,Indiana Pacers,83.52,0.483,0.774,0.395,0.566,0.326,1,3,late,0,0,47.63,1,0.253,0.099,0.826
2022,S2022_G074,2023-03-20,74,Monday,0,0,0,0,Golden State Warriors,86.03,0.582,0.784,0.544,0.764,0.355,0,3,playoff_push,0,0,70.55,1,0.198,0.291,0.831
2022,S2022_G075,2023-03-24,75,Friday,1,0,0,1,Toronto Raptors,61.62,0.605,0.688,0.564,0.69,0.228,0,3,playoff_push,1,0,80.89,1,0.06,0.101,0.966
2022,S2022_G076,2023-03-25,76,Saturday,1,0,0,0,Minnesota Timberwolves,86.22,0.575,0.84,0.513,0.867,0.4,1,3,playoff_push,0,0,90.0,1,0.242,0.321,0.744
2022,S2022_G077,2023-03-26,77,Sunday,1,0,0,0,Washington Wizards,52.39,0.568,0.532,0.651,0.596,0.195,0,3,playoff_push,0,0,75.51,0,0.369,0.493,0.848
2022,S2022_G078,2023-03-31,78,Friday,1,0,0,0,Minnesota Timberwolves,84.21,0.549,0.84,0.55,0.82,0.342,1,3,playoff_push,1,0,12.09,1,0.103,0.463,0.825
2022,S2022_G079,2023-04-02,79,Sunday,1,0,0,1,Philadelphia 76ers,89.07,0.658,0.765,0.687,0.79,0.506,1,4,playoff_push,0,0,62.07,0,0.434,0.262,0.853
2022,S2022_G080,2023-04-03,80,Monday,0,0,0,0,Indiana Pacers,70.18,0.572,0.706,0.381,0.588,0.439,0,4,playoff_push,0,0,59.16,1,0.172,0.194,0.916
2022,S2022_G081,2023-04-06,81,Thursday,0,0,0,0,New Orleans Pelicans,68.83,0.579,0.601,0.641,0.531,0.244,0,4,playoff_push,0,1,81.52,1,0.192,0.253,0.785
2022,S2022_G082,2023-04-08,82,Saturday,1,0,0,0,Golden State Warriors,83.87,0.538,0.8,0.595,0.861,0.424,1,4,playoff_push,0,1,43.92,1,0.48,0.376,0.906
2023,S2023_G001,2023-10-15,1,Sunday,1,0,0,0,Milwaukee Bucks,83.25,0.365,0.84,0.356,0.9,0.134,1,10,early,0,0,29.12,1,0.318,0.0,0.922
2023,S2023_G002,2023-10-16,2,Monday,0,0,0,0,Golden State Warriors,86.27,0.309,0.799,0.249,0.835,0.334,0,10,early,1,0,71.69,1,0.113,0.346,0.819
2023,S2023_G003,2023-10-17,3,Tuesday,0,0,0,0,Memphis Grizzlies,69.03,0.317,0.706,0.366,0.741,0.012,0,10,early,0,0,96.01,1,0.18,0.497,0.672
2023,S2023_G004,2023-10-18,4,Wednesday,0,0,0,0,Cleveland Cavaliers,85.9,0.273,0.828,0.237,0.9,0.219,0,10,early,1,0,65.32,0,0.118,0.458,0.76
2023,S2023_G005,2023-10-22,5,Sunday,1,0,0,0,Indiana Pacers,82.17,0.356,0.84,0.354,0.9,0.137,1,10,early,0,0,80.93,1,0.038,0.262,0.942
2023,S2023_G006,2023-10-25,6,Wednesday,0,0,0,0,Chicago Bulls,60.08,0.379,0.599,0.453,0.584,0.148,0,10,early,1,0,86.86,0,0.118,0.318,0.708
2023,S2023_G007,2023-10-26,7,Thursday,0,0,0,0,Golden State Warriors,80.99,0.351,0.84,0.392,0.867,0.153,0,10,early,0,0,64.09,1,0.355,0.339,0.809
2023,S2023_G008,2023-10-27,8,Friday,1,0,0,0,Atlanta Hawks,49.49,0.352,0.496,0.302,0.45,0.238,0,10,early,0,0,76.06,1,0.407,0.38,0.718
2023,S2023_G009,2023-10-28,9,Saturday,1,0,0,0,Milwaukee Bucks,91.74,0.379,0.84,0.349,0.888,0.046,1,10,early,0,0,80.83,0,0.455,0.23,0.861
2023,S2023_G010,2023-10-30,10,Monday,0,0,0,0,Phoenix Suns,92.05,0.271,0.806,0.291,0.9,0.246,1,10,early,0,0,76.05,1,0.501,0.295,0.885
2023,S2023_G011,2023-10-31,11,Tuesday,0,1,0,0,Atlanta Hawks,51.91,0.333,0.505,0.237,0.557,0.287,1,10,early,0,0,79.91,0,0.199,0.247,0.918
2023,S2023_G012,2023-11-03,12,Friday,1,0,0,0,LA Clippers,79.55,0.333,0.84,0.391,0.893,0.222,0,11,early,0,0,64.64,1,0.065,0.238,0.906
2023,S2023_G013,2023-11-04,13,Saturday,1,0,0,1,Toronto Raptors,59.43,0.269,0.556,0.239,0.384,0.126,0,11,early,0,0,82.42,1,0.081,0.158,0.959
2023,S2023_G014,2023-11-07,14,Tuesday,0,0,0,0,Sacramento Kings,64.8,0.268,0.613,0.391,0.644,0.0,0,11,early,0,1,101.66,1,0.145,0.341,0.703
2023,S2023_G015,2023-11-08,15,Wednesday,0,0,0,0,Atlanta Hawks,50.1,0.371,0.479,0.396,0.433,0.116,0,11,early,0,0,63.95,1,0.083,0.549,0.707
2023,S2023_G016,2023-11-10,16,Friday,1,0,1,0,Miami Heat,87.04,0.312,0.834,0.373,0.9,0.199,1,11,early,1,0,74.37,0,0.121,0.12,0.869
2023,S2023_G017,2023-11-12,17,Sunday,1,0,0,0,Phoenix Suns,84.59,0.272,0.84,0.355,0.763,0.352,1,11,early,0,0,52.88,1,0.042,0.448,0.86
2023,S2023_G018,2023-11-13,18,Monday,0,0,0,0,Cleveland Cavaliers,80.06,0.26,0.84,0.284,0.734,0.101,0,11,early,0,0,61.15,1,0.074,0.385,0.738
2023,S2023_G019,2023-11-17,19,Friday,1,0,0,0,Golden State Warriors,91.61,0.287,0.807,0.491,0.9,0.117,1,11,early,0,0,43.23,1,0.179,0.316,0.945
2023,S2023_G020,2023-11-20,20,Monday,0,0,0,1,Brooklyn Nets,58.51,0.353,0.645,0.465,0.549,0.1,0,11,early,1,0,60.3,1,0.139,0.299,0.899
2023,S2023_G021,2023-11-23,21,Thursday,0,0,0,0,Atlanta Hawks,58.41,0.339,0.55,0.286,0.377,0.231,0,11,mid,1,1,94.79,1,0.135,0.484,0.781
2023,S2023_G022,2023-11-25,22,Saturday,1,0,0,0,Orlando Magic,58.23,0.344,0.616,0.342,0.705,0.0,0,11,mid,0,0,55.53,1,0.041,0.356,0.866
2023,S2023_G023,2023-11-27,23,Monday,0,0,1,1,Philadelphia 76ers,70.58,0.335,0.746,0.299,0.9,0.028,1,11,mid,0,0,87.18,1,0.333,0.385,0.747
2023,S2023_G024,2023-11-28,24,Tuesday,0,0,0,1,Brooklyn Nets,63.52,0.299,0.619,0.352,0.561,0.116,0,11,mid,1,0,91.22,1,0.207,0.12,1.0
2023,S2023_G025,2023-12-02,25,Saturday,1,0,0,0,Detroit Pistons,35.62,0.29,0.28,0.317,0.305,0.302,0,12,mid,0,0,80.66,1,0.265,0.378,0.83
2023,S2023_G026,2023-12-03,26,Sunday,1,0,0,0,Atlanta Hawks,60.54,0.337,0.74,0.3,0.644,0.365,0,12,mid,0,0,71.66,1,0.088,0.38,0.67
2023,S2023_G027,2023-12-04,27,Monday,0,0,0,0,Detroit Pistons,42.5,0.313,0.433,0.331,0.392,0.122,0,12,mid,1,0,66.05,1,0.125,0.238,0.899
2023,S2023_G028,2023-12-05,28,Tuesday,0,0,0,1,Toronto Raptors,66.01,0.38,0.634,0.479,0.593,0.146,0,12,mid,1,1,76.01,1,0.196,0.549,0.749
2023,S2023_G029,2023-12-11,29,Monday,0,0,0,0,Minnesota Timberwolves,73.76,0.336,0.767,0.38,0.638,0.146,0,12,mid,1,0,88.21,1,0.14,0.763,0.547
2023,S2023_G030,2023-12-15,30,Friday,1,0,0,0,Memphis Grizzlies,78.74,0.27,0.802,0.18,0.688,0.22,0,12,mid,0,1,73.9,1,0.042,0.391,0.744
2023,S2023_G031,2023-12-17,31,Sunday,1,0,0,0,Milwaukee Bucks,80.6,0.447,0.84,0.443,0.801,0.131,0,12,mid,1,0,71.67,1,0.27,0.469,0.754
2023,S2023_G032,2023-12-19,32,Tuesday,0,0,0,0,Sacramento Kings,68.03,0.314,0.59,0.385,0.683,0.116,0,12,mid,0,0,68.27,1,0.1,0.34,0.831
2023,S2023_G033,2023-12-20,33,Wednesday,0,0,1,1,New York Knicks,89.44,0.389,0.84,0.373,0.801,0.304,1,12,mid,0,0,68.06,0,0.053,0.537,0.772
2023,S2023_G034,2023-12-21,34,Thursday,0,0,0,0,Washington Wizards,52.88,0.428,0.726,0.307,0.746,0.108,0,12,mid,0,1,57.56,1,0.185,0.216,0.74
2023,S2023_G035,2023-12-22,35,Friday,1,0,0,0,Detroit Pistons,41.58,0.382,0.469,0.389,0.478,0.13,0,12,mid,0,0,75.04,1,0.096,0.489,0.753
2023,S2023_G036,2023-12-24,36,Sunday,1,0,0,0,Oklahoma City Thunder,91.43,0.506,0.84,0.537,0.9,0.284,1,12,mid,0,0,33.69,0,0.04,0.144,0.925
2023,S2023_G037,2023-12-25,37,Monday,0,1,0,1,Brooklyn Nets,59.74,0.348,0.616,0.242,0.675,0.0,1,12,mid,0,0,59.02,1,0.037,0.41,0.726
2023,S2023_G038,2023-12-26,38,Tuesday,0,0,1,1,Philadelphia 76ers,96.49,0.34,0.84,0.36,0.722,0.356,1,12,mid,0,0,87.13,0,0.283,0.572,0.676
2023,S2023_G039,2024-01-02,39,Tuesday,0,0,1,0,Miami Heat,70.38,0.337,0.833,0.338,0.794,0.061,1,1,mid,0,0,55.78,1,0.43,0.195,0.954
2023,S2023_G040,2024-01-04,40,Thursday,0,0,0,0,New Orleans Pelicans,69.9,0.315,0.614,0.34,0.761,0.265,0,1,mid,0,0,43.61,1,0.073,0.629,0.42
2023,S2023_G041,2024-01-06,41,Saturday,1,0,0,1,Brooklyn Nets,62.09,0.362,0.583,0.327,0.59,0.036,0,1,mid,1,1,95.85,1,0.028,0.39,0.709
2023,S2023_G042,2024-01-07,42,Sunday,1,0,1,1,Boston Celtics,98.0,0.378,0.84,0.504,0.794,0.225,1,1,mid,0,0,73.08,1,0.136,0.519,0.772
2023,S2023_G043,2024-01-08,43,Monday,0,0,1,0,Miami Heat,73.79,0.321,0.722,0.259,0.9,0.14,1,1,mid,0,0,19.41,1,0.084,0.42,0.71
2023,S2023_G044,2024-01-10,44,Wednesday,0,0,1,0,Los Angeles Lakers,98.0,0.282,0.84,0.446,0.895,0.186,1,1,mid,1,0,41.89,1,0.254,0.44,0.811
2023,S2023_G045,2024-01-14,45,Sunday,1,0,0,0,Golden State Warriors,86.73,0.443,0.84,0.485,0.826,0.239,1,1,mid,0,1,67.53,1,0.14,0.223,0.895
2023,S2023_G046,2024-01-15,46,Monday,0,0,0,0,Oklahoma City Thunder,90.69,0.37,0.84,0.392,0.9,0.206,1,1,mid,0,0,82.48,1,0.138,0.319,0.746
2023,S2023_G047,2024-01-16,47,Tuesday,0,0,0,0,Orlando Magic,76.46,0.369,0.84,0.367,0.9,0.108,0,1,mid,0,1,73.64,1,0.069,0.287,0.872
2023,S2023_G048,2024-01-21,48,Sunday,1,0,0,0,Houston Rockets,59.51,0.343,0.55,0.29,0.559,0.108,0,1,mid,0,0,75.79,1,0.196,0.386,0.691
2023,S2023_G049,2024-01-24,49,Wednesday,0,0,0,0,Dallas Mavericks,93.31,0.402,0.84,0.365,0.753,0.336,1,1,mid,0,0,72.53,1,0.313,0.321,0.931
2023,S2023_G050,2024-01-28,50,Sunday,1,0,0,0,Detroit Pistons,43.15,0.392,0.409,0.435,0.399,0.167,0,1,mid,1,1,95.11,1,0.129,0.645,0.601
2023,S2023_G051,2024-01-29,51,Monday,0,0,0,0,Milwaukee Bucks,82.17,0.3,0.84,0.29,0.9,0.29,0,1,mid,1,1,96.49,1,0.156,0.167,0.868
2023,S2023_G052,2024-01-30,52,Tuesday,0,0,0,0,Oklahoma City Thunder,89.07,0.343,0.819,0.25,0.829,0.0,1,1,mid,0,0,75.96,1,0.191,0.477,0.754
2023,S2023_G053,2024-02-02,53,Friday,1,0,0,0,Memphis Grizzlies,78.31,0.306,0.737,0.44,0.768,0.254,0,2,mid,0,0,74.17,0,0.224,0.723,0.697
2023,S2023_G054,2024-02-06,54,Tuesday,0,0,0,1,New York Knicks,78.54,0.301,0.737,0.306,0.587,0.219,0,2,mid,0,0,71.29,1,0.083,0.268,0.802
2023,S2023_G055,2024-02-07,55,Wednesday,0,0,1,0,Los Angeles Lakers,88.3,0.263,0.84,0.18,0.66,0.245,1,2,mid,0,0,82.05,1,0.131,0.226,0.816
2023,S2023_G056,2024-02-08,56,Thursday,0,0,0,1,Boston Celtics,98.0,0.374,0.84,0.277,0.781,0.438,1,2,late,0,0,81.45,1,0.506,0.305,0.822
2023,S2023_G057,2024-02-10,57,Saturday,1,0,0,0,Orlando Magic,73.84,0.296,0.84,0.28,0.787,0.487,0,2,late,0,0,85.64,1,0.428,0.46,0.63
2023,S2023_G058,2024-02-12,58,Monday,0,0,0,0,Dallas Mavericks,80.02,0.284,0.84,0.229,0.9,0.46,0,2,late,0,0,94.21,0,0.196,0.254,0.866
2023,S2023_G059,2024-02-13,59,Tuesday,0,0,0,0,San Antonio Spurs,67.23,0.395,0.709,0.346,0.769,0.394,0,2,late,0,0,78.0,1,0.131,0.33,0.701
2023,S2023_G060,2024-02-15,60,Thursday,0,0,0,0,Oklahoma City Thunder,90.47,0.423,0.84,0.515,0.9,0.48,1,2,late,0,0,84.79,1,0.275,0.478,0.692
2023,S2023_G061,2024-02-20,61,Tuesday,0,0,0,1,Brooklyn Nets,68.76,0.281,0.642,0.255,0.822,0.397,0,2,late,1,1,95.08,1,0.152,0.594,0.539
2023,S2023_G062,2024-02-21,62,Wednesday,0,0,0,0,Oklahoma City Thunder,96.6,0.269,0.84,0.18,0.796,0.394,1,2,late,0,1,48.36,1,0.471,0.351,0.591
2023,S2023_G063,2024-02-22,63,Thursday,0,0,0,0,Minnesota Timberwolves,86.69,0.277,0.773,0.367,0.73,0.514,0,2,late,0,0,93.73,1,0.163,0.377,0.944
2023,S2023_G064,2024-02-23,64,Friday,1,0,0,0,Dallas Mavericks,77.42,0.345,0.694,0.209,0.711,0.268,0,2,late,1,0,100.86,0,0.155,0.244,0.792
2023,S2023_G065,2024-02-24,65,Saturday,1,0,0,0,New Orleans Pelicans,61.74,0.38,0.571,0.334,0.45,0.254,0,2,late,0,0,73.71,1,0.093,0.617,0.454
2023,S2023_G066,2024-02-28,66,Wednesday,0,0,1,0,Los Angeles Lakers,98.0,0.382,0.84,0.33,0.753,0.443,1,2,late,0,0,79.33,1,0.141,0.533,0.774
2023,S2023_G067,2024-03-04,67,Monday,0,0,0,0,Sacramento Kings,75.17,0.302,0.689,0.357,0.659,0.251,0,3,late,0,0,67.52,1,0.324,0.325,0.71
2023,S2023_G068,2024-03-06,68,Wednesday,0,0,0,0,Detroit Pistons,37.44,0.417,0.418,0.458,0.322,0.269,0,3,late,1,0,70.7,1,0.193,0.072,0.93
2023,S2023_G069,2024-03-08,69,Friday,1,0,0,0,New Orleans Pelicans,55.47,0.403,0.556,0.227,0.585,0.366,0,3,late,0,0,74.76,1,0.184,0.035,0.95
2023,S2023_G070,2024-03-09,70,Saturday,1,0,1,0,Miami Heat,73.78,0.338,0.72,0.319,0.699,0.332,1,3,late,0,0,23.42,1,0.154,0.221,0.821
2023,S2023_G071,2024-03-13,71,Wednesday,0,0,0,0,LA Clippers,75.39,0.401,0.708,0.416,0.773,0.379,0,3,late,0,0,95.32,0,0.079,0.236,0.877
2023,S2023_G072,2024-03-15,72,Friday,1,0,0,0,Milwaukee Bucks,93.08,0.38,0.84,0.457,0.86,0.194,1,3,late,1,0,89.45,1,0.04,0.623,0.688
2023,S2023_G073,2024-03-18,73,Monday,0,0,1,0,Los Angeles Lakers,93.1,0.332,0.84,0.348,0.825,0.247,1,3,late,1,1,47.71,1,0.153,0.09,0.79
2023,S2023_G074,2024-03-19,74,Tuesday,0,0,1,1,Philadelphia 76ers,87.49,0.295,0.824,0.239,0.9,0.452,1,3,playoff_push,0,0,84.0,1,0.224,0.66,0.583
2023,S2023_G075,2024-03-20,75,Wednesday,0,0,0,0,Utah Jazz,50.29,0.279,0.509,0.287,0.506,0.33,0,3,playoff_push,0,0,72.86,1,0.428,0.1,0.991
2023,S2023_G076,2024-03-22,76,Friday,1,0,1,0,Miami Heat,81.32,0.489,0.84,0.405,0.824,0.282,1,3,playoff_push,0,0,58.86,1,0.163,0.046,1.0
2023,S2023_G077,2024-03-23,77,Saturday,1,0,0,0,Dallas Mavericks,91.18,0.271,0.84,0.272,0.871,0.321,1,3,playoff_push,0,0,69.4,0,0.469,0.234,0.997
2023,S2023_G078,2024-03-28,78,Thursday,0,0,0,0,Denver Nuggets,86.98,0.461,0.84,0.475,0.9,0.348,0,3,playoff_push,0,0,76.62,0,0.048,0.15,1.0
2023,S2023_G079,2024-03-30,79,Saturday,1,0,0,0,Chicago Bulls,67.33,0.363,0.706,0.249,0.761,0.28,0,3,playoff_push,0,0,68.79,1,0.197,0.316,0.84
2023,S2023_G080,2024-04-01,80,Monday,0,0,0,0,Dallas Mavericks,78.8,0.368,0.837,0.18,0.769,0.348,0,4,playoff_push,1,0,70.73,1,0.067,0.228,0.839
2023,S2023_G081,2024-04-06,81,Saturday,1,0,1,1,Philadelphia 76ers,71.62,0.307,0.608,0.297,0.517,0.328,1,4,playoff_push,0,0,67.36,0,0.265,0.203,0.71
2023,S2023_G082,2024-04-07,82,Sunday,1,0,0,0,Cleveland Cavaliers,85.64,0.33,0.84,0.332,0.9,0.413,1,4,playoff_push,0,0,42.92,0,0.192,0.052,0.99
2024,S2024_G001,2024-10-15,1,Tuesday,0,0,0,0,Phoenix Suns,83.01,0.634,0.835,0.716,0.726,0.126,0,10,early,0,0,89.23,1,0.059,0.346,0.877
2024,S2024_G002,2024-10-16,2,Wednesday,0,0,0,0,Houston Rockets,54.97,0.566,0.523,0.599,0.435,0.141,0,10,early,0,0,86.2,1,0.11,0.278,0.812
2024,S2024_G003,2024-10-21,3,Monday,0,0,1,0,Miami Heat,88.49,0.585,0.805,0.599,0.9,0.193,1,10,early,1,0,60.64,1,0.02,0.217,0.782
2024,S2024_G004,2024-10-22,4,Tuesday,0,0,1,0,Los Angeles Lakers,96.31,0.647,0.84,0.472,0.9,0.198,1,10,early,1,0,41.28,1,0.185,0.373,0.647
2024,S2024_G005,2024-10-23,5,Wednesday,0,0,0,0,San Antonio Spurs,71.91,0.554,0.783,0.736,0.847,0.273,0,10,early,0,1,81.6,1,0.184,0.421,0.703
2024,S2024_G006,2024-10-24,6,Thursday,0,0,0,0,Golden State Warriors,83.48,0.581,0.84,0.731,0.704,0.255,0,10,early,0,0,80.45,1,0.102,0.168,0.92
2024,S2024_G007,2024-10-27,7,Sunday,1,0,0,0,Oklahoma City Thunder,88.38,0.526,0.84,0.465,0.9,0.173,1,10,early,0,0,81.01,1,0.188,0.381,0.73
2024,S2024_G008,2024-10-28,8,Monday,0,0,0,0,San Antonio Spurs,62.32,0.522,0.584,0.542,0.583,0.303,0,10,early,0,0,63.51,1,0.025,0.171,0.951
2024,S2024_G009,2024-10-31,9,Thursday,0,1,0,0,Indiana Pacers,74.58,0.71,0.717,0.82,0.605,0.199,1,10,early,0,0,103.71,1,0.102,0.428,0.824
2024,S2024_G010,2024-11-01,10,Friday,1,0,0,0,Orlando Magic,73.78,0.702,0.836,0.493,0.886,0.268,0,11,early,1,0,87.77,1,0.101,0.16,0.857
2024,S2024_G011,2024-11-07,11,Thursday,0,0,0,0,Indiana Pacers,81.88,0.638,0.737,0.693,0.646,0.195,0,11,early,0,0,90.31,1,0.578,0.31,0.84
2024,S2024_G012,2024-11-11,12,Monday,0,0,0,0,Orlando Magic,69.94,0.622,0.695,0.699,0.713,0.191,0,11,early,1,0,65.2,1,0.116,0.523,0.736
2024,S2024_G013,2024-11-12,13,Tuesday,0,0,0,0,Portland Trail Blazers,46.09,0.631,0.396,0.738,0.53,0.135,0,11,early,0,0,100.86,1,0.318,0.257,0.771
2024,S2024_G014,2024-11-14,14,Thursday,0,0,1,0,Miami Heat,70.02,0.704,0.626,0.753,0.628,0.227,1,11,early,0,0,56.14,1,0.138,0.334,0.758
2024,S2024_G015,2024-11-17,15,Sunday,1,0,0,0,Oklahoma City Thunder,98.0,0.593,0.84,0.701,0.9,0.196,1,11,early,0,0,53.12,1,0.296,0.189,0.957
2024,S2024_G016,2024-11-19,16,Tuesday,0,0,0,0,Denver Nuggets,97.88,0.612,0.84,0.558,0.712,0.323,1,11,early,0,0,38.56,1,0.202,0.161,0.804
2024,S2024_G017,2024-11-20,17,Wednesday,0,0,0,0,Milwaukee Bucks,79.89,0.672,0.701,0.601,0.622,0.135,0,11,early,0,1,75.17,1,0.296,0.665,0.455
2024,S2024_G018,2024-11-23,18,Saturday,1,0,0,0,Houston Rockets,58.04,0.55,0.598,0.499,0.638,0.107,0,11,early,0,0,76.83,1,0.033,0.136,0.931
2024,S2024_G019,2024-11-24,19,Sunday,1,1,0,0,Minnesota Timberwolves,92.59,0.561,0.84,0.544,0.9,0.0,1,11,early,0,0,78.49,1,0.314,0.052,0.975
2024,S2024_G020,2024-11-25,20,Monday,0,0,0,0,Cleveland Cavaliers,90.39,0.632,0.84,0.633,0.896,0.113,1,11,early,1,0,88.95,1,0.188,0.255,0.911
2024,S2024_G021,2024-11-27,21,Wednesday,0,0,0,0,Phoenix Suns,72.1,0.573,0.678,0.596,0.706,0.096,0,11,mid,0,0,86.91,1,0.097,0.184,0.955
2024,S2024_G022,2024-11-29,22,Friday,1,0,0,0,Detroit Pistons,50.3,0.535,0.484,0.612,0.596,0.169,0,11,mid,1,1,63.55,1,0.217,0.427,0.859
2024,S2024_G023,2024-11-30,23,Saturday,1,0,0,0,Denver Nuggets,95.7,0.559,0.84,0.466,0.856,0.165,1,11,mid,0,0,85.05,1,0.531,0.204,0.898
2024,S2024_G024,2024-12-01,24,Sunday,1,0,0,0,Minnesota Timberwolves,86.57,0.57,0.84,0.577,0.703,0.142,1,12,mid,0,0,74.33,1,0.115,0.676,0.707
2024,S2024_G025,2024-12-04,25,Wednesday,0,0,0,1,Brooklyn Nets,69.27,0.586,0.808,0.712,0.9,0.058,0,12,mid,1,1,71.77,1,0.192,0.421,0.81
2024,S2024_G026,2024-12-09,26,Monday,0,0,0,0,New Orleans Pelicans,56.97,0.639,0.478,0.571,0.497,0.0,0,12,mid,0,1,75.6,1,0.04,0.515,0.722
2024,S2024_G027,2024-12-10,27,Tuesday,0,0,0,0,LA Clippers,72.76,0.588,0.718,0.547,0.654,0.045,0,12,mid,0,0,59.78,1,0.131,0.256,0.812
2024,S2024_G028,2024-12-12,28,Thursday,0,0,0,0,San Antonio Spurs,73.6,0.635,0.707,0.518,0.676,0.07,0,12,mid,0,1,83.71,1,0.182,0.435,0.682
2024,S2024_G029,2024-12-13,29,Friday,1,0,1,1,Boston Celtics,88.52,0.684,0.84,0.634,0.865,0.418,1,12,mid,0,0,65.76,1,0.144,0.547,0.575
2024,S2024_G030,2024-12-14,30,Saturday,1,0,0,0,Oklahoma City Thunder,90.26,0.582,0.84,0.499,0.9,0.321,1,12,mid,1,0,64.53,1,0.099,0.607,0.597
2024,S2024_G031,2024-12-15,31,Sunday,1,0,0,0,Portland Trail Blazers,48.54,0.672,0.54,0.503,0.592,0.0,0,12,mid,0,0,54.36,1,0.045,0.267,0.763
2024,S2024_G032,2024-12-16,32,Monday,0,0,0,0,Cleveland Cavaliers,91.22,0.707,0.84,0.754,0.807,0.129,1,12,mid,0,0,46.75,1,0.127,0.176,0.979
2024,S2024_G033,2024-12-17,33,Tuesday,0,0,0,0,Milwaukee Bucks,82.96,0.634,0.816,0.631,0.829,0.142,0,12,mid,0,0,106.52,1,0.123,0.331,0.781
2024,S2024_G034,2024-12-20,34,Friday,1,0,0,1,Brooklyn Nets,64.59,0.595,0.61,0.516,0.567,0.0,0,12,mid,1,1,79.63,1,0.281,0.475,0.711
2024,S2024_G035,2024-12-21,35,Saturday,1,0,0,0,Dallas Mavericks,84.92,0.676,0.84,0.551,0.9,0.341,1,12,mid,0,0,63.24,1,0.337,0.437,0.715
2024,S2024_G036,2024-12-27,36,Friday,1,0,0,0,Milwaukee Bucks,77.28,0.646,0.84,0.815,0.801,0.231,0,12,mid,1,1,89.55,1,0.072,0.661,0.688
2024,S2024_G037,2024-12-29,37,Sunday,1,0,0,0,Milwaukee Bucks,92.38,0.56,0.84,0.604,0.9,0.16,1,12,mid,0,0,51.97,1,0.062,0.259,0.861
2024,S2024_G038,2025-01-02,38,Thursday,0,0,0,0,Utah Jazz,61.35,0.699,0.586,0.754,0.584,0.128,0,1,mid,0,0,95.08,1,0.264,0.318,0.937
2024,S2024_G039,2025-01-07,39,Tuesday,0,0,0,0,Cleveland Cavaliers,81.52,0.688,0.84,0.7,0.762,0.217,0,1,mid,0,0,76.25,1,0.102,0.112,0.79
2024,S2024_G040,2025-01-10,40,Friday,1,0,1,0,Miami Heat,76.73,0.653,0.554,0.704,0.537,0.0,1,1,mid,0,0,88.72,1,0.054,0.578,0.613
2024,S2024_G041,2025-01-11,41,Saturday,1,0,0,0,Denver Nuggets,87.35,0.783,0.715,0.799,0.833,0.133,1,1,mid,1,0,62.39,1,0.135,0.22,0.918
2024,S2024_G042,2025-01-13,42,Monday,0,0,0,0,Milwaukee Bucks,93.09,0.625,0.84,0.612,0.9,0.255,1,1,mid,0,0,68.12,1,0.249,0.101,1.0
2024,S2024_G043,2025-01-14,43,Tuesday,0,0,0,0,LA Clippers,81.2,0.557,0.838,0.655,0.9,0.092,0,1,mid,0,0,86.64,1,0.154,0.241,0.942
2024,S2024_G044,2025-01-15,44,Wednesday,0,0,0,0,Sacramento Kings,68.87,0.633,0.752,0.658,0.658,0.206,0,1,mid,0,0,52.82,1,0.106,0.359,0.683
2024,S2024_G045,2025-01-16,45,Thursday,0,0,0,0,San Antonio Spurs,72.4,0.674,0.712,0.829,0.746,0.161,0,1,mid,0,0,92.28,1,0.081,0.136,0.805
2024,S2024_G046,2025-01-17,46,Friday,1,0,0,0,Detroit Pistons,53.0,0.67,0.55,0.67,0.538,0.175,0,1,mid,0,0,108.91,1,0.037,0.27,0.785
2024,S2024_G047,2025-01-19,47,Sunday,1,0,0,0,Houston Rockets,54.45,0.684,0.633,0.806,0.572,0.018,0,1,mid,0,0,71.85,1,0.181,0.424,0.886
2024,S2024_G048,2025-01-20,48,Monday,0,0,0,0,Chicago Bulls,65.49,0.587,0.648,0.649,0.657,0.153,0,1,mid,0,0,57.47,1,0.076,0.265,1.0
2024,S2024_G049,2025-01-23,49,Thursday,0,0,0,1,Toronto Raptors,52.49,0.554,0.441,0.671,0.389,0.081,0,1,mid,0,0,71.42,1,0.627,0.547,0.665
2024,S2024_G050,2025-01-24,50,Friday,1,0,0,0,Utah Jazz,56.87,0.689,0.56,0.748,0.418,0.0,0,1,mid,0,0,75.35,1,0.356,0.51,0.682
2024,S2024_G051,2025-01-26,51,Sunday,1,0,1,1,Boston Celtics,86.49,0.697,0.815,0.828,0.743,0.162,1,1,mid,1,1,31.29,1,0.507,0.487,0.633
2024,S2024_G052,2025-01-29,52,Wednesday,0,0,0,0,LA Clippers,83.93,0.61,0.84,0.796,0.826,0.166,0,1,mid,0,0,81.14,1,0.063,0.594,0.553
2024,S2024_G053,2025-01-30,53,Thursday,0,0,0,0,Miami Heat,89.41,0.606,0.84,0.627,0.9,0.176,1,1,mid,0,0,25.65,1,0.063,0.097,0.873
2024,S2024_G054,2025-02-01,54,Saturday,1,0,0,0,Golden State Warriors,83.68,0.728,0.732,0.622,0.609,0.23,1,2,mid,0,0,52.49,1,0.115,0.152,0.841
2024,S2024_G055,2025-02-03,55,Monday,0,0,0,0,New Orleans Pelicans,62.25,0.745,0.497,0.821,0.414,0.257,0,2,mid,1,0,103.82,1,0.311,0.62,0.544
2024,S2024_G056,2025-02-04,56,Tuesday,0,0,0,0,Minnesota Timberwolves,86.14,0.608,0.84,0.472,0.847,0.414,0,2,late,0,0,49.74,1,0.201,0.531,0.738
2024,S2024_G057,2025-02-05,57,Wednesday,0,0,1,0,Miami Heat,78.85,0.605,0.84,0.637,0.9,0.286,1,2,late,0,1,36.55,1,0.041,0.194,0.83
2024,S2024_G058,2025-02-09,58,Sunday,1,0,0,0,Chicago Bulls,68.67,0.664,0.513,0.507,0.456,0.306,0,2,late,0,0,109.38,1,0.493,0.44,0.755
2024,S2024_G059,2025-02-10,59,Monday,0,0,0,0,Chicago Bulls,67.78,0.688,0.634,0.9,0.668,0.358,0,2,late,0,0,96.07,1,0.205,0.555,0.804
2024,S2024_G060,2025-02-11,60,Tuesday,0,0,0,1,Boston Celtics,92.41,0.551,0.84,0.485,0.639,0.364,1,2,late,0,1,73.38,0,0.253,0.478,0.697
2024,S2024_G061,2025-02-13,61,Thursday,0,0,0,0,Utah Jazz,55.56,0.634,0.593,0.606,0.464,0.284,0,2,late,1,1,79.84,1,0.244,0.27,0.785
2024,S2024_G062,2025-02-15,62,Saturday,1,0,0,0,Houston Rockets,61.76,0.718,0.515,0.666,0.613,0.294,0,2,late,1,0,77.33,1,0.181,0.644,0.655
2024,S2024_G063,2025-02-18,63,Tuesday,0,0,0,0,Washington Wizards,36.39,0.682,0.356,0.694,0.343,0.449,0,2,late,0,0,51.28,1,0.132,0.289,0.848
2024,S2024_G064,2025-02-21,64,Friday,1,0,0,0,LA Clippers,75.8,0.632,0.771,0.743,0.9,0.372,0,2,late,0,0,58.78,1,0.281,0.384,1.0
2024,S2024_G065,2025-02-26,65,Wednesday,0,0,0,0,Atlanta Hawks,60.73,0.569,0.475,0.712,0.624,0.409,0,2,late,1,0,99.38,0,0.18,0.259,0.756
2024,S2024_G066,2025-03-02,66,Sunday,1,0,0,0,San Antonio Spurs,72.58,0.687,0.699,0.695,0.652,0.418,0,3,late,0,0,72.65,1,0.136,0.082,0.856
2024,S2024_G067,2025-03-04,67,Tuesday,0,0,0,0,Phoenix Suns,78.63,0.636,0.768,0.715,0.689,0.328,0,3,late,0,0,67.72,1,0.518,0.352,0.785
2024,S2024_G068,2025-03-05,68,Wednesday,0,0,0,0,Golden State Warriors,86.8,0.619,0.744,0.727,0.754,0.362,0,3,late,0,1,81.31,1,0.316,0.257,0.77
2024,S2024_G069,2025-03-08,69,Saturday,1,0,0,0,Cleveland Cavaliers,64.52,0.548,0.75,0.418,0.637,0.41,0,3,late,1,1,88.45,1,0.021,0.259,1.0
2024,S2024_G070,2025-03-09,70,Sunday,1,0,0,0,Dallas Mavericks,84.18,0.627,0.773,0.624,0.77,0.232,1,3,late,0,0,53.44,1,0.394,0.632,0.583
2024,S2024_G071,2025-03-13,71,Thursday,0,0,0,1,Brooklyn Nets,65.18,0.644,0.64,0.621,0.688,0.346,0,3,late,0,0,89.84,0,0.253,0.013,0.972
2024,S2024_G072,2025-03-15,72,Saturday,1,0,1,0,Los Angeles Lakers,86.74,0.697,0.831,0.767,0.9,0.41,1,3,late,0,0,30.33,1,0.244,0.361,0.871
2024,S2024_G073,2025-03-17,73,Monday,0,0,0,0,Minnesota Timberwolves,82.67,0.718,0.817,0.57,0.857,0.322,0,3,late,0,0,74.23,1,0.17,0.259,0.992
2024,S2024_G074,2025-03-21,74,Friday,1,0,0,1,Brooklyn Nets,82.04,0.621,0.798,0.603,0.897,0.358,1,3,playoff_push,1,0,106.12,1,0.427,0.098,0.814
2024,S2024_G075,2025-03-22,75,Saturday,1,0,0,1,Brooklyn Nets,71.05,0.647,0.592,0.762,0.644,0.496,0,3,playoff_push,0,0,67.58,1,0.232,0.356,0.932
2024,S2024_G076,2025-03-24,76,Monday,0,0,0,0,Memphis Grizzlies,68.09,0.613,0.681,0.567,0.877,0.286,0,3,playoff_push,1,0,51.91,1,0.334,0.47,0.699
2024,S2024_G077,2025-03-25,77,Tuesday,0,0,0,1,Brooklyn Nets,68.7,0.644,0.673,0.59,0.702,0.366,0,3,playoff_push,0,0,85.59,1,0.246,0.153,1.0
2024,S2024_G078,2025-03-26,78,Wednesday,0,0,0,0,Washington Wizards,43.06,0.679,0.393,0.599,0.399,0.388,0,3,playoff_push,0,0,72.52,1,0.221,0.217,0.793
2024,S2024_G079,2025-03-28,79,Friday,1,0,1,1,Boston Celtics,95.65,0.657,0.84,0.575,0.9,0.327,1,3,playoff_push,0,0,76.1,0,0.54,0.318,0.82
2024,S2024_G080,2025-04-03,80,Thursday,0,0,1,1,New York Knicks,96.47,0.582,0.84,0.526,0.754,0.287,1,4,playoff_push,0,0,89.08,1,0.399,0.306,0.779
2024,S2024_G081,2025-04-04,81,Friday,1,0,0,0,Houston Rockets,50.16,0.564,0.432,0.537,0.335,0.289,0,4,playoff_push,0,1,96.72,1,0.324,0.434,0.815
2024,S2024_G082,2025-04-06,82,Sunday,1,0,0,0,Washington Wizards,55.12,0.634,0.679,0.639,0.588,0.218,0,4,playoff_push,0,0,79.52,1,0.282,0.228,0.827
2025,S2025_G001,2025-10-16,1,Thursday,0,0,0,0,Sacramento Kings,71.8,0.549,0.718,0.604,0.581,0.131,0,10,early,0,0,80.7,1,0.236,0.278,0.883
2025,S2025_G002,2025-10-17,2,Friday,1,0,0,0,Sacramento Kings,68.1,0.528,0.704,0.49,0.704,0.041,0,10,early,0,1,92.76,0,0.143,0.617,0.754
2025,S2025_G003,2025-10-20,3,Monday,0,0,0,0,Chicago Bulls,54.26,0.519,0.604,0.546,0.627,0.142,0,10,early,0,0,72.02,1,0.148,0.538,0.678
2025,S2025_G004,2025-10-21,4,Tuesday,0,0,0,0,Denver Nuggets,91.85,0.506,0.84,0.634,0.771,0.0,1,10,early,0,0,65.37,1,0.057,0.417,0.77
2025,S2025_G005,2025-10-23,5,Thursday,0,0,0,0,Chicago Bulls,68.7,0.576,0.638,0.643,0.629,0.148,0,10,early,1,0,67.38,1,0.309,0.08,0.91
2025,S2025_G006,2025-10-29,6,Wednesday,0,0,1,1,New York Knicks,98.0,0.523,0.84,0.489,0.866,0.059,1,10,early,0,0,59.83,1,0.068,0.344,0.659
2025,S2025_G007,2025-10-30,7,Thursday,0,0,0,0,Memphis Grizzlies,70.49,0.537,0.731,0.416,0.764,0.053,0,10,early,0,0,42.84,1,0.11,0.286,0.832
2025,S2025_G008,2025-10-31,8,Friday,1,1,0,0,Golden State Warriors,98.0,0.589,0.84,0.478,0.687,0.13,1,10,early,1,0,57.77,1,0.229,0.258,0.864
2025,S2025_G009,2025-11-01,9,Saturday,1,0,0,0,Portland Trail Blazers,47.98,0.661,0.498,0.659,0.483,0.184,0,11,early,0,0,87.24,1,0.239,0.479,0.849
2025,S2025_G010,2025-11-03,10,Monday,0,0,0,0,Oklahoma City Thunder,94.15,0.525,0.84,0.574,0.788,0.186,1,11,early,1,0,50.36,1,0.244,0.266,0.847
2025,S2025_G011,2025-11-07,11,Friday,1,0,0,0,Milwaukee Bucks,90.18,0.635,0.84,0.582,0.89,0.096,1,11,early,0,0,53.71,0,0.14,0.4,0.632
2025,S2025_G012,2025-11-10,12,Monday,0,0,0,0,Denver Nuggets,92.95,0.538,0.84,0.526,0.764,0.276,1,11,early,0,0,70.71,1,0.232,0.346,0.857
2025,S2025_G013,2025-11-18,13,Tuesday,0,0,0,1,Brooklyn Nets,62.09,0.535,0.602,0.515,0.488,0.141,0,11,early,0,1,86.23,1,0.134,0.441,0.837
2025,S2025_G014,2025-11-19,14,Wednesday,0,0,1,1,New York Knicks,83.47,0.497,0.8,0.459,0.836,0.11,1,11,early,1,0,29.86,1,0.564,0.247,0.83
2025,S2025_G015,2025-11-21,15,Friday,1,0,0,0,San Antonio Spurs,65.03,0.51,0.604,0.456,0.722,0.166,0,11,early,1,1,100.52,0,0.3,0.405,0.795
2025,S2025_G016,2025-11-22,16,Saturday,1,0,0,0,Washington Wizards,39.2,0.544,0.516,0.473,0.393,0.189,0,11,early,0,0,99.73,1,0.194,0.64,0.523
2025,S2025_G017,2025-11-23,17,Sunday,1,0,0,0,Chicago Bulls,60.85,0.585,0.705,0.594,0.761,0.266,0,11,early,0,1,117.78,0,0.366,0.355,0.705
2025,S2025_G018,2025-11-27,18,Thursday,0,0,0,0,Denver Nuggets,94.05,0.622,0.84,0.783,0.706,0.075,1,11,early,0,0,59.04,1,0.078,0.115,0.895
2025,S2025_G019,2025-11-28,19,Friday,1,0,0,0,Utah Jazz,60.27,0.573,0.592,0.698,0.501,0.183,0,11,early,1,0,91.41,1,0.151,0.368,0.731
2025,S2025_G020,2025-11-29,20,Saturday,1,0,0,0,Detroit Pistons,37.15,0.59,0.368,0.55,0.546,0.271,0,11,early,0,0,67.71,1,0.432,0.164,0.98
2025,S2025_G021,2025-12-01,21,Monday,0,0,0,1,New York Knicks,87.07,0.559,0.84,0.52,0.799,0.097,0,12,mid,0,0,71.28,1,0.054,0.315,0.889
2025,S2025_G022,2025-12-02,22,Tuesday,0,0,0,0,San Antonio Spurs,56.36,0.639,0.588,0.624,0.693,0.19,0,12,mid,0,0,116.99,1,0.069,0.438,0.88
2025,S2025_G023,2025-12-04,23,Thursday,0,0,0,0,Indiana Pacers,76.54,0.65,0.755,0.647,0.685,0.246,0,12,mid,0,0,88.04,1,0.143,0.462,0.763
2025,S2025_G024,2025-12-05,24,Friday,1,0,1,0,Los Angeles Lakers,88.31,0.574,0.84,0.654,0.9,0.209,1,12,mid,0,0,43.35,1,0.29,0.314,0.681
2025,S2025_G025,2025-12-10,25,Wednesday,0,0,1,1,Philadelphia 76ers,82.99,0.557,0.84,0.618,0.815,0.206,1,12,mid,0,1,53.01,1,0.405,0.386,0.863
2025,S2025_G026,2025-12-12,26,Friday,1,0,0,0,Chicago Bulls,64.79,0.475,0.581,0.444,0.556,0.139,0,12,mid,0,0,73.55,1,0.292,0.201,0.829
2025,S2025_G027,2025-12-13,27,Saturday,1,0,0,0,Memphis Grizzlies,69.07,0.523,0.802,0.534,0.857,0.189,0,12,mid,0,0,58.28,1,0.067,0.224,0.83
2025,S2025_G028,2025-12-14,28,Sunday,1,0,0,0,Minnesota Timberwolves,74.74,0.51,0.752,0.417,0.74,0.142,0,12,mid,0,0,49.9,0,0.089,0.425,0.78
2025,S2025_G029,2025-12-17,29,Wednesday,0,0,0,0,Houston Rockets,58.48,0.602,0.487,0.52,0.503,0.086,0,12,mid,0,0,107.26,1,0.204,0.532,0.677
2025,S2025_G030,2025-12-18,30,Thursday,0,0,0,0,New Orleans Pelicans,81.45,0.538,0.84,0.528,0.809,0.081,0,12,mid,1,0,81.85,1,0.075,0.147,0.995
2025,S2025_G031,2025-12-19,31,Friday,1,0,1,1,Philadelphia 76ers,76.02,0.51,0.68,0.521,0.702,0.252,1,12,mid,0,0,76.74,1,0.141,0.711,0.6
2025,S2025_G032,2025-12-21,32,Sunday,1,0,0,0,Oklahoma City Thunder,82.33,0.575,0.84,0.333,0.871,0.082,1,12,mid,1,1,44.8,1,0.286,0.289,0.924
2025,S2025_G033,2025-12-22,33,Monday,0,0,0,0,Memphis Grizzlies,75.89,0.541,0.832,0.519,0.9,0.238,0,12,mid,0,0,64.05,1,0.2,0.383,0.688
2025,S2025_G034,2025-12-23,34,Tuesday,0,0,1,1,Philadelphia 76ers,81.44,0.607,0.727,0.605,0.622,0.092,1,12,mid,1,0,88.48,1,0.352,0.385,0.945
2025,S2025_G035,2025-12-24,35,Wednesday,0,0,0,0,Golden State Warriors,86.82,0.516,0.798,0.654,0.9,0.288,0,12,mid,0,0,87.54,1,0.29,0.328,0.719
2025,S2025_G036,2025-12-26,36,Friday,1,0,0,0,Indiana Pacers,70.82,0.557,0.609,0.572,0.505,0.17,0,12,mid,0,0,84.06,1,0.062,0.552,0.641
2025,S2025_G037,2025-12-27,37,Saturday,1,0,0,0,Washington Wizards,50.26,0.575,0.575,0.471,0.679,0.067,0,12,mid,0,0,47.03,1,0.166,0.34,0.875
2025,S2025_G038,2026-01-03,38,Saturday,1,0,0,0,Portland Trail Blazers,51.36,0.529,0.398,0.592,0.325,0.083,0,1,mid,0,0,44.81,1,0.131,0.38,0.711
2025,S2025_G039,2026-01-04,39,Sunday,1,0,1,1,New York Knicks,84.58,0.507,0.84,0.386,0.88,0.204,1,1,mid,1,0,67.22,1,0.216,0.157,0.957
2025,S2025_G040,2026-01-05,40,Monday,0,0,0,1,Brooklyn Nets,70.58,0.646,0.668,0.651,0.624,0.057,0,1,mid,1,0,70.66,0,0.413,0.179,1.0
2025,S2025_G041,2026-01-08,41,Thursday,0,0,0,0,Milwaukee Bucks,93.26,0.658,0.84,0.774,0.855,0.133,1,1,mid,0,0,42.46,1,0.119,0.257,0.946
2025,S2025_G042,2026-01-09,42,Friday,1,0,0,0,Cleveland Cavaliers,81.29,0.47,0.693,0.564,0.696,0.18,0,1,mid,0,0,79.31,1,0.261,0.355,0.857
2025,S2025_G043,2026-01-11,43,Sunday,1,0,0,0,Minnesota Timberwolves,80.02,0.678,0.774,0.635,0.663,0.262,0,1,mid,0,0,78.66,1,0.08,0.512,0.79
2025,S2025_G044,2026-01-12,44,Monday,0,0,0,0,Houston Rockets,64.21,0.488,0.67,0.52,0.814,0.13,0,1,mid,0,0,75.99,1,0.156,0.251,0.85
2025,S2025_G045,2026-01-13,45,Tuesday,0,0,0,0,Milwaukee Bucks,87.05,0.579,0.7,0.593,0.702,0.343,0,1,mid,0,1,78.08,1,0.025,0.163,0.922
2025,S2025_G046,2026-01-16,46,Friday,1,0,1,0,Miami Heat,71.49,0.518,0.727,0.631,0.756,0.16,1,1,mid,0,0,87.54,1,0.029,0.31,0.703
2025,S2025_G047,2026-01-18,47,Sunday,1,0,0,0,Portland Trail Blazers,58.38,0.559,0.597,0.699,0.603,0.083,0,1,mid,0,0,88.79,1,0.33,0.248,0.681
2025,S2025_G048,2026-01-25,48,Sunday,1,0,0,0,Utah Jazz,63.49,0.493,0.771,0.755,0.844,0.125,0,1,mid,0,0,83.13,0,0.37,0.368,0.776
2025,S2025_G049,2026-01-26,49,Monday,0,0,1,0,Miami Heat,78.95,0.567,0.714,0.607,0.412,0.168,1,1,mid,0,0,80.98,1,0.332,0.193,0.967
2025,S2025_G050,2026-01-29,50,Thursday,0,0,0,0,Detroit Pistons,50.72,0.571,0.629,0.449,0.731,0.018,0,1,mid,0,1,103.79,1,0.079,0.194,0.868
2025,S2025_G051,2026-02-01,51,Sunday,1,0,0,0,Atlanta Hawks,42.79,0.414,0.307,0.299,0.278,0.084,0,2,mid,0,1,76.9,1,0.327,0.305,0.648
2025,S2025_G052,2026-02-03,52,Tuesday,0,0,0,0,Memphis Grizzlies,73.22,0.457,0.719,0.483,0.788,0.208,0,2,mid,0,0,90.38,1,0.182,0.423,0.755
2025,S2025_G053,2026-02-05,53,Thursday,0,0,0,0,Memphis Grizzlies,73.44,0.638,0.727,0.666,0.784,0.173,0,2,mid,0,0,105.22,1,0.199,0.188,1.0
2025,S2025_G054,2026-02-08,54,Sunday,1,0,1,1,New York Knicks,85.83,0.515,0.84,0.617,0.684,0.229,1,2,mid,0,0,86.86,1,0.1,0.322,0.787
2025,S2025_G055,2026-02-15,55,Sunday,1,0,0,0,Dallas Mavericks,83.89,0.549,0.768,0.497,0.791,0.196,1,2,mid,0,0,59.22,1,0.545,0.388,0.824
2025,S2025_G056,2026-02-19,56,Thursday,0,0,1,0,Los Angeles Lakers,81.74,0.527,0.821,0.574,0.851,0.427,1,2,late,0,0,55.17,1,0.194,0.285,0.877
2025,S2025_G057,2026-02-20,57,Friday,1,0,0,0,Golden State Warriors,85.52,0.541,0.806,0.538,0.9,0.172,1,2,late,1,0,77.88,1,0.185,0.455,0.798
2025,S2025_G058,2026-02-23,58,Monday,0,0,1,0,Los Angeles Lakers,94.72,0.573,0.84,0.523,0.842,0.315,1,2,late,0,0,56.61,1,0.099,0.361,0.943
2025,S2025_G059,2026-02-24,59,Tuesday,0,0,0,0,LA Clippers,71.01,0.603,0.673,0.53,0.726,0.257,0,2,late,0,0,101.52,1,0.394,0.795,0.651
2025,S2025_G060,2026-02-27,60,Friday,1,0,0,0,Memphis Grizzlies,72.54,0.58,0.815,0.518,0.9,0.378,0,2,late,0,0,97.94,1,0.2,0.233,0.858
2025,S2025_G061,2026-02-28,61,Saturday,1,0,0,0,LA Clippers,76.08,0.503,0.716,0.501,0.506,0.341,0,2,late,1,0,76.88,1,0.28,0.332,0.854
2025,S2025_G062,2026-03-03,62,Tuesday,0,0,0,0,Oklahoma City Thunder,82.75,0.523,0.671,0.293,0.734,0.294,0,3,late,1,0,98.44,1,0.034,0.256,0.888
2025,S2025_G063,2026-03-07,63,Saturday,1,0,0,0,Houston Rockets,63.58,0.516,0.692,0.475,0.689,0.247,0,3,late,0,0,82.98,1,0.184,0.365,0.541
2025,S2025_G064,2026-03-09,64,Monday,0,0,0,1,Brooklyn Nets,72.81,0.539,0.705,0.536,0.525,0.379,0,3,late,1,0,88.6,1,0.148,0.2,0.957
2025,S2025_G065,2026-03-10,65,Tuesday,0,0,0,0,Dallas Mavericks,91.62,0.56,0.84,0.562,0.9,0.292,1,3,late,0,0,50.02,1,0.214,0.225,0.951
2025,S2025_G066,2026-03-11,66,Wednesday,0,0,0,0,Phoenix Suns,80.97,0.649,0.84,0.865,0.739,0.341,0,3,late,0,0,106.2,1,0.218,0.048,0.9
2025,S2025_G067,2026-03-12,67,Thursday,0,0,0,0,Atlanta Hawks,63.37,0.523,0.819,0.383,0.756,0.29,0,3,late,0,0,70.65,1,0.464,0.32,0.85
2025,S2025_G068,2026-03-14,68,Saturday,1,0,1,1,New York Knicks,75.14,0.542,0.84,0.564,0.814,0.4,1,3,late,0,0,80.82,1,0.115,0.401,0.769
2025,S2025_G069,2026-03-15,69,Sunday,1,0,0,0,Orlando Magic,75.52,0.582,0.706,0.525,0.76,0.34,0,3,late,0,0,86.99,1,0.195,0.265,0.905
2025,S2025_G070,2026-03-16,70,Monday,0,0,0,0,Atlanta Hawks,63.08,0.548,0.502,0.72,0.617,0.283,0,3,late,0,0,98.52,1,0.051,0.31,0.943
2025,S2025_G071,2026-03-17,71,Tuesday,0,0,0,1,Toronto Raptors,67.87,0.631,0.772,0.562,0.714,0.294,0,3,late,0,0,45.16,1,0.133,0.061,1.0
2025,S2025_G072,2026-03-19,72,Thursday,0,0,0,1,New York Knicks,86.72,0.591,0.759,0.464,0.851,0.331,0,3,late,0,0,74.5,1,0.126,0.545,0.677
2025,S2025_G073,2026-03-20,73,Friday,1,0,0,0,Miami Heat,77.99,0.579,0.84,0.525,0.751,0.396,0,3,late,1,0,64.51,1,0.123,0.238,0.971
2025,S2025_G074,2026-03-22,74,Sunday,1,0,0,0,Houston Rockets,54.45,0.537,0.671,0.577,0.483,0.157,0,3,playoff_push,1,0,69.83,1,0.317,0.292,0.769
2025,S2025_G075,2026-03-23,75,Monday,0,0,0,0,Phoenix Suns,75.51,0.564,0.743,0.692,0.665,0.425,0,3,playoff_push,0,0,66.53,1,0.224,0.305,0.872
2025,S2025_G076,2026-03-26,76,Thursday,0,0,0,0,Denver Nuggets,98.0,0.607,0.84,0.683,0.822,0.236,1,3,playoff_push,0,0,87.02,1,0.117,0.407,0.72
2025,S2025_G077,2026-03-27,77,Friday,1,0,0,0,Washington Wizards,48.79,0.513,0.551,0.437,0.411,0.308,0,3,playoff_push,0,0,96.88,1,0.073,0.112,1.0
2025,S2025_G078,2026-04-01,78,Wednesday,0,0,1,1,New York Knicks,83.06,0.554,0.838,0.587,0.69,0.302,1,4,playoff_push,0,0,48.79,1,0.242,0.0,0.994
2025,S2025_G079,2026-04-02,79,Thursday,0,0,0,0,LA Clippers,75.9,0.564,0.709,0.503,0.72,0.344,0,4,playoff_push,0,0,76.59,1,0.223,0.208,0.988
2025,S2025_G080,2026-04-04,80,Saturday,1,0,0,0,Cleveland Cavaliers,91.12,0.549,0.84,0.597,0.876,0.297,1,4,playoff_push,0,0,76.55,1,0.087,0.132,0.974
2025,S2025_G081,2026-04-06,81,Monday,0,0,1,1,Philadelphia 76ers,86.3,0.422,0.84,0.367,0.872,0.434,1,4,playoff_push,0,0,35.34,0,0.34,0.053,0.935
2025,S2025_G082,2026-04-07,82,Tuesday,0,0,0,0,Milwaukee Bucks,89.71,0.491,0.84,0.617,0.775,0.297,1,4,playoff_push,0,0,35.23,0,0.319,0.055,0.949
